id,area,provision,citation,url,status,config,evidence
TW-CONTRIBUTION-1,contribution,"Labour insurance ordinary-risk premium 12.5%, 11.5% for a worker covered by employment insurance (就業保險法 §41(2)); worker 20% / employer 70%, on the 勞工保險投保薪資分級表 grade (top 45,800)",勞工保險條例 §§13-15,https://www.bli.gov.tw/Files/25696,CONFIGURED,statutory_contribution_catalog:LI,LI is 12.5% outside employment insurance and 11.5% with it (就業保險法 §41(2)); a TW regular run and an off-cycle bonus settle through the engine
TW-CONTRIBUTION-2,contribution,Labour insurance is not compulsory from age 65,勞工保險條例 §6,https://law.moj.gov.tw/LawClass/LawSingle.aspx?pcode=N0050001&flno=6,CONFIGURED,statutory_contribution_catalog:LI,"LI, EI, NHI, labour pension and the wage arrears fund at the published grades"
TW-CONTRIBUTION-3,contribution,"Employment insurance 1%, worker 20% / employer 70%, nationals under 65",就業保險法 §§5 40,https://law.moj.gov.tw/LawClass/LawAll.aspx?pcode=N0050021,CONFIGURED,statutory_contribution_catalog:EI,"LI, EI, NHI, labour pension and the wage arrears fund at the published grades"
TW-CONTRIBUTION-4,contribution,Employment insurance for foreign spouses and foreign professionals (2025-08-29 amendment),就業保險法 §5; 外國專業人才延攬及僱用法,https://law.moj.gov.tw/LawClass/LawAll.aspx?pcode=N0050021,CONFIGURED,statutory_contribution_catalog:EI,"the person and entity facts: dependants, NHI elsewhere, pension elections, foreign spouses and professionals (employee.facts.foreign_spouse_of_national; foreign_professional with permanent residence from 2026)"
TW-CONTRIBUTION-5,contribution,Insured salary is the declared (insurer-confirmed) grade,勞工保險條例 §14; 施行細則 §27,https://www.bli.gov.tw/0014162.htm,CONFIGURED,statutory_contribution_catalog:LI,"the person and entity facts: dependants, NHI elsewhere, pension elections, foreign spouses and professionals (election insured_amount on LI, NHI, LABOR_PENSION, OCC_INJURY; EI and the wage arrears levy read the LI one)"
TW-CONTRIBUTION-20,contribution,Insured salary prorated by covered days on a 30-day month,勞工保險條例 §14; 施行細則 §27,https://www.bli.gov.tw/0014162.htm,GAP,statutory_contribution_catalog:LI,"GAP: period.covered_days now exists, but which grade a part month is assessed on (the monthly wage or the part-month pay) and NHI’s month-end rule were not verified from BLI/NHIA; not applied"
TW-CONTRIBUTION-6,contribution,"NHI premium 5.17%: worker 30% (self), employer 60% x 1.56 average dependants, top grade 313,000",全民健康保險法 §§18 27,https://www.nhi.gov.tw/ch/cp-2985-e7319-3150-1.html,CONFIGURED,statutory_contribution_catalog:NHI,"LI, EI, NHI, labour pension and the wage arrears fund at the published grades; a TW regular run and an off-cycle bonus settle through the engine"
TW-CONTRIBUTION-7,contribution,NHI worker premium for up to three enrolled dependants,全民健康保險法 §§18 27,https://www.nhi.gov.tw/ch/cp-2985-e7319-3150-1.html,CONFIGURED,statutory_contribution_catalog:NHI,"the person and entity facts: dependants, NHI elsewhere, pension elections, foreign spouses and professionals (the NHI election enrolled_dependants, capped at three)"
TW-CONTRIBUTION-8,contribution,"NHI supplementary premium 2.11% on the year's bonus above four times the insured amount, NT$10m per payment",全民健康保險法 §31,https://www.nhi.gov.tw/ch/cp-2985-e7319-3150-1.html,CONFIGURED,statutory_contribution_catalog:NHI_SUPPLEMENT,NHI supplementary premium: 2.11% of the year’s bonus above four times the insured grade; a TW regular run and an off-cycle bonus settle through the engine
TW-CONTRIBUTION-9,contribution,NHI supplementary premium on salary paid to a person not insured through this unit,全民健康保險法 §31(1)(2),https://www.nhi.gov.tw/ch/cp-2985-e7319-3150-1.html,CONFIGURED,statutory_contribution_catalog:NHI_PART_TIME,"the person and entity facts: dependants, NHI elsewhere, pension elections, foreign spouses and professionals (the NHI election insured_elsewhere, NHI_PART_TIME election exempt; the month stands in for the single payment)"
TW-CONTRIBUTION-10,contribution,Employer NHI supplementary premium 2.11% on the unit's salary total above its insured amounts,全民健康保險法 §34,https://www.nhi.gov.tw/ch/cp-4516-74b0f-2613-1.html,GAP,statutory_contribution_catalog:NHI_SUPPLEMENT_EMPLOYER,GAP: §34 nets the unit’s month salary total against all insured amounts; needs a run-level root (the run’s summed salary and insured amounts) the per-slip scheme context does not carry
TW-CONTRIBUTION-11,contribution,"Labour pension (new system) employer 6% of the 月提繳工資 grade (top 150,000), nationals and permanent residents",勞工退休金條例 §§7 14,https://law.moj.gov.tw/LawClass/LawSingle.aspx?pcode=N0030020&flno=14,CONFIGURED,statutory_contribution_catalog:LABOR_PENSION,"LI, EI, NHI, labour pension and the wage arrears fund at the published grades; a TW regular run and an off-cycle bonus settle through the engine"
TW-CONTRIBUTION-12,contribution,"Labour pension: declared employer rate above 6%, worker voluntary 0-6%, LSA retention, foreign spouses and (2026) foreign professionals",勞工退休金條例 §§7 14,https://law.moj.gov.tw/LawClass/LawSingle.aspx?pcode=N0030020&flno=14,CONFIGURED,statutory_contribution_catalog:LABOR_PENSION,"the person and entity facts: dependants, NHI elsewhere, pension elections, foreign spouses and professionals (LABOR_PENSION elections employer_rate, voluntary_rate, pension_system; person facts foreign_spouse_of_national, foreign_professional)"
TW-CONTRIBUTION-13,contribution,"Occupational accident insurance: industry + 0.07% commuting rate (55 classes, 2025-01-01 table) on the 職保 grade (top 72,800), employer paid",勞工職業災害保險及保護法 §§16 19,https://www.bli.gov.tw/0106129.html,CONFIGURED,statutory_contribution_catalog:OCC_INJURY,"occupational accident insurance: the entity’s industry rate on the 職保 grade, employer paid; a TW regular run and an off-cycle bonus settle through the engine (company.risk_class; the rate table is the scheme's own CEL map)"
TW-CONTRIBUTION-18,contribution,Occupational accident insurance experience-rated unit rate (實績費率),勞工職業災害保險及保護法 §16(4),https://law.moj.gov.tw/LawClass/LawSingle.aspx?pcode=N0050031&flno=16,CONFIGURED,statutory_contribution_catalog:OCC_INJURY,"occupational accident insurance: the entity’s industry rate on the 職保 grade, employer paid; customer input: company.facts.occ_experience_rate_percent"
TW-CONTRIBUTION-14,contribution,"Wage arrears fund 0.025% of insured salary, employer paid",勞動基準法 §28,https://www.bli.gov.tw/0110180.html,CONFIGURED,statutory_contribution_catalog:WAGE_ARREARS_FUND,"LI, EI, NHI, labour pension and the wage arrears fund at the published grades"
TW-CONTRIBUTION-15,contribution,Old-system labour pension reserve: the approved 2-15% on the wages of LSA-pension workers (incl. foreign workers outside 勞退條例 §7; migrant workers under ten years left out from 2026-04-01),勞動基準法 §56(1),https://law.moj.gov.tw/LawClass/LawSingle.aspx?pcode=N0030001&flno=56,CONFIGURED,statutory_contribution_catalog:LABOR_PENSION_RESERVE,"the welfare fund, the LSA pension reserve and severance withholding; a TW regular run and an off-cycle bonus settle through the engine (company.facts.pension_reserve_rate, refused while unrecorded)"
TW-CONTRIBUTION-16,contribution,Employee welfare fund deduction 0.5% where a welfare committee exists,職工福利金條例 §2,https://law.moj.gov.tw/LawClass/LawSingle.aspx?pcode=N0040001&flno=2,CONFIGURED,statutory_contribution_catalog:WELFARE_FUND,"the welfare fund, the LSA pension reserve and severance withholding (company.facts.welfare_committee_established)"
TW-CONTRIBUTION-19,contribution,"Employer welfare fund appropriations (capital 1-5%, revenue 0.05-0.15%, scrap 20-40%)",職工福利金條例 §2(1)(1)(2)(4),https://law.moj.gov.tw/LawClass/LawSingle.aspx?pcode=N0040001&flno=2,OUT_OF_SCOPE,statutory_contribution_catalog:WELFARE_FUND,"Entity-level appropriations from capital and revenue, not payroll"
TW-CONTRIBUTION-17,contribution,Labour insurance / NHI / pension premium subsidies for disabled workers,身心障礙者權益保障法 §73,https://law.moj.gov.tw/LawClass/LawAll.aspx?PCode=D0050090,GAP,statutory_contribution_catalog:LI,"GAP: the subsidy percentage could now be a numeric election, but the per-person NHI rounding of subsidised premiums (施行細則 §52, the 5角 rule) was not verified; not seeded"
TW-TAX-1,tax,"Resident regular salary withheld at 5% (truncated), nothing when the tax is NT$2,000 or less",薪資所得扣繳辦法 §§6-7; 各類所得扣繳率標準 §2,https://law.moj.gov.tw/LawClass/LawAll.aspx?pcode=G0340028,CONFIGURED,statutory_contribution_catalog:INCOME_TAX,"withholding: resident 5%, the bonus threshold and the non-resident breakpoint; a TW regular run and an off-cycle bonus settle through the engine"
TW-TAX-2,tax,Resident salary-table withholding with declared exemptions (114年度 / 115年度 薪資所得扣繳稅額表),薪資所得扣繳辦法 §7,https://www.ntbca.gov.tw/download/ec08154ea280452daefa59a110336f6e,CONFIGURED,statutory_contribution_catalog:INCOME_TAX,"the 扣繳稅額表 by declared exemptions, cell for cell, and the formula above 500,000 (election INCOME_TAX.exemptions; every one of the 10,080 cells of each year’s official ODS reproduced by the formula)"
TW-TAX-3,tax,"Resident non-monthly salary withheld at 5% from NT$88,501 (2025) / NT$90,501 (2026)",薪資所得扣繳辦法 §7,https://law.moj.gov.tw/LawClass/LawAll.aspx?pcode=G0340028,CONFIGURED,statutory_contribution_catalog:INCOME_TAX_BONUS,"withholding: resident 5%, the bonus threshold and the non-resident breakpoint; a TW regular run and an off-cycle bonus settle through the engine"
TW-TAX-4,tax,"Non-resident salary 6% up to 1.5 x minimum wage (42,885 / 44,250), else 18%",各類所得扣繳率標準 §3(2),https://law.moj.gov.tw/LawClass/LawAll.aspx?pcode=G0340031,CONFIGURED,statutory_contribution_catalog:INCOME_TAX_NON_RESIDENT,"withholding: resident 5%, the bonus threshold and the non-resident breakpoint; a TW regular run and an off-cycle bonus settle through the engine"
TW-TAX-5,tax,"Tax residency by the 183-day test, not citizenship",所得稅法 §7,https://law.moj.gov.tw/LawClass/LawSingle.aspx?pcode=G0340003&flno=7,CONFIGURED,statutory_contribution_catalog:INCOME_TAX,"withholding: resident 5%, the bonus threshold and the non-resident breakpoint (residency_since)"
TW-TAX-6,tax,Overtime and holiday-work pay within the 勞基法 limits is not taxable salary,所得稅法 §14(1)(3),https://law.moj.gov.tw/LawClass/LawSingle.aspx?pcode=G0340003&flno=14,SEEDED,work_catalog:OVERTIME,OVERTIME and HOLIDAY_WORK count toward no scheme; over-limit overtime (taxable) is not distinguished
TW-TAX-7,tax,"Meal allowance up to NT$3,000 a month is tax-exempt",所得稅法 §14; 營利事業所得稅查核準則 §83,https://law.moj.gov.tw/LawClass/LawSingle.aspx?pcode=G0340003&flno=14,GAP,allowance_catalog:MEAL_ALLOWANCE,"GAP: counts_toward cannot split an exempt part of one line (the first NT$3,000 of a meal allowance); needs a per-scheme exempt cap on catalogue lines"
TW-TAX-8,tax,"Retirement / severance income withheld 6% (resident) / 18% (non-resident) above 198,000 (2025) / 206,000 (2026) × years of service",所得稅法 §14(1)(9),https://law.moj.gov.tw/LawClass/LawSingle.aspx?pcode=G0340003&flno=14,CONFIGURED,statutory_contribution_catalog:SEVERANCE_TAX,"the welfare fund, the LSA pension reserve and severance withholding (employment.service_months; SEVERANCE_PAY and RETIREMENT_PAY count toward it)"
TW-WORK-1,work,Monthly salary prorated for the days employed,勞動基準法 §22,https://law.moj.gov.tw/LawClass/LawSingle.aspx?pcode=N0030001&flno=22,CONFIGURED,work_catalog:BASIC,work lines and separation / injury pay price as the records state; a TW regular run and an off-cycle bonus settle through the engine
TW-WORK-2,work,"Overtime on a working day: first two hours at 1.34, further hours at 1.67 of the hourly wage, per day",勞動基準法 §24(1)(1),https://law.moj.gov.tw/LawClass/LawSingle.aspx?pcode=N0030001&flno=24,CONFIGURED,work_catalog:OVERTIME,work lines and separation / injury pay price as the records state (work.days[].overtime_hours)
TW-WORK-3,work,Overtime beyond two hours a day at least 5/3,勞動基準法 §24(1)(2),https://law.moj.gov.tw/LawClass/LawSingle.aspx?pcode=N0030001&flno=24,CONFIGURED,work_catalog:OVERTIME,work lines and separation / injury pay price as the records state (per-day ladder from work.days)
TW-WORK-4,work,Rest-day (休息日) work premium 4/3 then 5/3,勞動基準法 §24(2),https://law.moj.gov.tw/LawClass/LawSingle.aspx?pcode=N0030001&flno=24,CONFIGURED,work_catalog:REST_DAY_WORK,work lines and separation / injury pay price as the records state (休息日 = shift day_type OFF; actual hours at 1.34 / 1.67 / 2.67)
TW-WORK-5,work,Work on a public holiday or annual leave day paid one further day's wage,勞動基準法 §39,https://law.moj.gov.tw/LawClass/LawSingle.aspx?pcode=N0030001&flno=39,CONFIGURED,work_catalog:HOLIDAY_WORK,work lines and separation / injury pay price as the records state
TW-WORK-6,work,Statutory rest day worked: double pay and a day in lieu,勞動基準法 §40,https://law.moj.gov.tw/LawClass/LawSingle.aspx?pcode=N0030001&flno=40,CONFIGURED,work_catalog:STATUTORY_REST_WORK; leave_catalog:STATUTORY_REST_IN_LIEU,work lines and separation / injury pay price as the records state (例假 = shift day_type REST; one further day’s wage)
TW-WORK-7,work,Personal leave and other unpaid days deducted at a day's wage (monthly/30),勞工請假規則 §7,https://law.moj.gov.tw/LawClass/LawAll.aspx?pcode=N0030006,CONFIGURED,work_catalog:NO_PAY_LEAVE,work lines and separation / injury pay price as the records state
TW-WORK-11,work,"Leave paid below full wage (sick, hospitalised sick and menstrual at half; maternity at half under six months’ service; unpaid early-miscarriage leave) deducted by each row’s evaluated pay_fraction","勞工請假規則 §4(3); 性別平等工作法 §14, §15; 勞動基準法 §50(2)",https://law.moj.gov.tw/LawClass/LawSingle.aspx?pcode=N0030006&flno=4,CONFIGURED,work_catalog:PARTIAL_PAY_LEAVE,work lines and separation / injury pay price as the records state
TW-WORK-8,work,"Monthly minimum wage 28,590 (2025) / 29,500 (2026): a contract term below it is refused",最低工資法 §10,https://law.moj.gov.tw/LawClass/LawAll.aspx?pcode=N0030062,CONFIGURED,rule_set:VALIDATIONS MINIMUM_WAGE_FLOOR; rule_set:minimum_wage,"validations: the minimum wage on contract terms, overtime ceilings and the §40 report on payslips"
TW-WORK-9,work,"Monthly minimum wage 30,900 from 2027-01-01 (approved 2026-09)",最低工資法 §10,https://www.mol.gov.tw/1607/1632/1633/99195/,OUT_OF_SCOPE,,"Owner: no 2027 version until the tables are published. 最低工資審議會 2026-09-24 decided 30,900 / 205 from 2027-01-01, pending 行政院核定 and 公告 (https://www.mol.gov.tw/1607/1632/1633/99195/post); no 116年 grade tables published as of 2026-10-07"
TW-WORK-10,work,"Overtime cap: 12 hours a day, 46 a month (54 with consent, filed by an employer of thirty or more); the run warns",勞動基準法 §32(2),https://law.moj.gov.tw/LawClass/LawSingle.aspx?pcode=N0030001&flno=32,CONFIGURED,rule_set:VALIDATIONS OVERTIME_MONTHLY_CAP; OVERTIME_DAILY_CAP; OVERTIME_EXTENSION_FILING,"validations: the minimum wage on contract terms, overtime ceilings and the §40 report on payslips"
TW-ALLOWANCE-1,allowance,"Regular allowances (meal, full attendance) are wages counted into insured salary and withholding",勞動基準法 §2(3),https://law.moj.gov.tw/LawClass/LawSingle.aspx?pcode=N0030001&flno=2,SEEDED,allowance_catalog:MEAL_ALLOWANCE,Rows evaluate; no test prices an allowance through a run
TW-LEAVE-1,leave,"Annual leave 3/7/10/14/15 days and one more a year from ten years, capped at 30",勞動基準法 §38(1),https://law.moj.gov.tw/LawClass/LawSingle.aspx?pcode=N0030001&flno=38,CONFIGURED,leave_catalog:ANNUAL_LEAVE,annual leave bands follow 勞基法 §38; the women-only classes read the gender
TW-LEAVE-2,leave,Unused annual leave paid on termination at a day's wage,勞動基準法 §38(4); 施行細則 §24-1,https://law.moj.gov.tw/LawClass/LawSingle.aspx?pcode=N0030001&flno=38,CONFIGURED,jurisdiction_settings:TW behaviours encash-leave-on-exit; work_catalog:ENCASHMENT,the exit encashment behaviour credits the §38 days less those taken; work lines and separation / injury pay price as the records state
TW-LEAVE-3,leave,Unused annual leave paid (or deferred by agreement) at the end of the year,勞動基準法 §38(4),https://law.moj.gov.tw/LawClass/LawSingle.aspx?pcode=N0030001&flno=38,CONFIGURED,leave_catalog:ANNUAL_LEAVE; rule_set:ANNUAL_LEAVE_YEAR_END_PAYMENT,the canonical obligation behaviours raise one obligation per duty for their trigger (the payment task; the encashment amount is the HR entry the task asks for)
TW-LEAVE-4,leave,Personal leave up to 14 unpaid days a calendar year,勞工請假規則 §7; 性別平等工作法 §20,https://law.moj.gov.tw/LawClass/LawAll.aspx?pcode=N0030006,CONFIGURED,leave_catalog:PERSONAL_LEAVE,leave caps are metered per calendar year or per event
TW-LEAVE-5,leave,Sick leave at half pay for 30 days a calendar year (metered),勞工請假規則 §4,https://law.moj.gov.tw/LawClass/LawAll.aspx?pcode=N0030006,CONFIGURED,leave_catalog:SICK_LEAVE; work_catalog:PARTIAL_PAY_LEAVE,work lines and separation / injury pay price as the records state; leave caps are metered per calendar year or per event
TW-LEAVE-13,leave,Menstrual leave: three days a year outside the sick pool (the one-day-a-month cap is CONFIGURED),勞工請假規則 §4(3); 性別平等工作法 §14,https://law.moj.gov.tw/LawClass/LawSingle.aspx?pcode=N0030006&flno=4,GAP,work_catalog:HALF_PAY_LEAVE,GAP: the class consumes SICK_LEAVE from its first day; no entitlement root exempts the first N days of a year from the pool it consumes
TW-LEAVE-6,leave,Menstrual leave one day a month at half pay,性別平等工作法 §14,https://law.moj.gov.tw/LawClass/LawAll.aspx?pcode=N0030014,CONFIGURED,leave_catalog:MENSTRUAL_LEAVE; work_catalog:PARTIAL_PAY_LEAVE,annual leave bands follow 勞基法 §38; the women-only classes read the gender; work lines and separation / injury pay price as the records state
TW-LEAVE-7,leave,"Maternity leave eight weeks, full pay after six months' service, half before",勞動基準法 §50,https://law.moj.gov.tw/LawClass/LawSingle.aspx?pcode=N0030001&flno=50,CONFIGURED,leave_catalog:MATERNITY_LEAVE; work_catalog:PARTIAL_PAY_LEAVE,"work lines and separation / injury pay price as the records state (pay_fraction 0.5 under six months, 0 for an early miscarriage); annual leave bands follow 勞基法 §38; the women-only classes read the gender"
TW-LEAVE-8,leave,"Marriage (8 days a marriage), paternity and prenatal check-up leave (7 days a pregnancy) with pay, metered per event",勞工請假規則 §§2-3; 性別平等工作法 §15,https://law.moj.gov.tw/LawClass/LawAll.aspx?pcode=N0030006,CONFIGURED,leave_catalog:MARRIAGE_LEAVE; leave_catalog:PATERNITY_LEAVE; leave_catalog:PRENATAL_CHECKUP_LEAVE,leave caps are metered per calendar year or per event
TW-LEAVE-9,leave,"Parental leave without pay after six months’ service, at most two years per child",性別平等工作法 §16,https://law.moj.gov.tw/LawClass/LawAll.aspx?pcode=N0030014,CONFIGURED,leave_catalog:PARENTAL_LEAVE,leave caps are metered per calendar year or per event
TW-LEAVE-10,leave,Occupational injury leave with the original wage,勞動基準法 §59(2),https://law.moj.gov.tw/LawClass/LawSingle.aspx?pcode=N0030001&flno=59,SEEDED,leave_catalog:OCCUPATIONAL_INJURY_LEAVE,Paid class admits; not asserted
TW-LEAVE-11,leave,"Job-search leave during notice, two days a week with pay",勞動基準法 §16(2),https://law.moj.gov.tw/LawClass/LawSingle.aspx?pcode=N0030001&flno=16,SEEDED,leave_catalog:JOB_SEARCH_LEAVE,eligibility evaluates on the exit date; the two-day cap is not metered
TW-LEAVE-12,leave,Untaken compensatory time paid at the leave year’s end (calendar task) or on exit (exit task),勞動基準法 §32-1,https://law.moj.gov.tw/LawClass/LawSingle.aspx?pcode=N0030001&flno=32-1,CONFIGURED,leave_catalog:COMPENSATORY_TIME_OFF; rule_set:COMP_TIME_YEAR_END_PAYMENT; rule_set:OVERTIME_COMP_TIME_SETTLEMENT,"the canonical obligation behaviours raise one obligation per duty for their trigger; the untaken hours are not credited by the engine (the elected hours have no root), so the task asks HR to enter the pay"
TW-ADHOC-1,adhoc,Bonus: taxable salary and NHI supplementary premium base,所得稅法 §14; 全民健康保險法 §31,https://law.moj.gov.tw/LawClass/LawSingle.aspx?pcode=G0340003&flno=14,CONFIGURED,adhoc_catalog:bonus,work lines and separation / injury pay price as the records state
TW-ADHOC-2,adhoc,"New-system severance half a month's average wage a year, up to six months",勞工退休金條例 §12,https://law.moj.gov.tw/LawClass/LawSingle.aspx?pcode=N0030020&flno=12,CONFIGURED,adhoc_catalog:SEVERANCE_PAY,work lines and separation / injury pay price as the records state
TW-ADHOC-3,adhoc,Notice pay in lieu of the §16 notice periods,勞動基準法 §16(3),https://law.moj.gov.tw/LawClass/LawSingle.aspx?pcode=N0030001&flno=16,CONFIGURED,adhoc_catalog:NOTICE_PAY,"notice pay: the unserved §16 days at the day wage or the average daily wage, on §11/§13/§20 only (勞動部 109-10-29 勞動關2字第1090128292A號令)"
TW-ADHOC-4,adhoc,"Old-system retirement pay: two bases a year for 15 years, one after, up to 45",勞動基準法 §55,https://law.moj.gov.tw/LawClass/LawSingle.aspx?pcode=N0030001&flno=55,CONFIGURED,adhoc_catalog:RETIREMENT_PAY,work lines and separation / injury pay price as the records state
TW-ADHOC-5,adhoc,Retirement eligibility (age / service conditions),勞動基準法 §§53-54,https://law.moj.gov.tw/LawClass/LawSingle.aspx?pcode=N0030001&flno=53,CONFIGURED,adhoc_catalog:RETIREMENT_PAY,work lines and separation / injury pay price as the records state
TW-ADHOC-6,adhoc,"Occupational injury compensation: medical cost, 40-month lump sum, disability days by grade, funeral 5 months and death 40 months",勞動基準法 §59,https://law.moj.gov.tw/LawClass/LawSingle.aspx?pcode=N0030001&flno=59,CONFIGURED,adhoc_catalog:OCC_DISABILITY_G01,work lines and separation / injury pay price as the records state
TW-ADHOC-7,adhoc,Insurer benefit offset against §59 compensation,勞動基準法 §59 但書,https://law.moj.gov.tw/LawClass/LawSingle.aspx?pcode=N0030001&flno=59,SEEDED,adhoc_catalog:OCC_INJURY_OFFSET,"Entered amount, NET deduction; not asserted"
TW-ADHOC-8,adhoc,Court wage garnishment as the order fixes,強制執行法 §115-1,https://law.moj.gov.tw/LawClass/LawSingle.aspx?pcode=B0010004&flno=115-1,SEEDED,adhoc_catalog:COURT_GARNISHMENT,"Entered amount, NET deduction; not asserted"
TW-CLAIM-1,claim,Business expense reimbursement within the standard is not salary,所得稅法 §14(1)(3),https://law.moj.gov.tw/LawClass/LawSingle.aspx?pcode=G0340003&flno=14,SEEDED,claim_catalog:BUSINESS_EXPENSE_REIMBURSEMENT,Row evaluates; not asserted through a run
TW-LOAN-1,loan,Salary advance recovered from wages only as agreed,勞動基準法 §22(2),https://law.moj.gov.tw/LawClass/LawSingle.aspx?pcode=N0030001&flno=22,SEEDED,loan_catalog:SALARY_ADVANCE,Row exists; not asserted through a run
TW-OBLIGATION-1,obligation,"Labour, employment and occupational accident insurance premiums and the wage arrears levy (OBLIGATIONS, PAYROLL_RUN; due next_working_day(month_end(add_months(period.from, 1)), holidays))",勞工保險條例 §16(1)(1),https://law.moj.gov.tw/LawClass/LawSingle.aspx?pcode=N0050001&flno=16,CONFIGURED,rule_set:INSURANCE_PREMIUM_REMITTANCE,every OBLIGATIONS row is one dated duty whose due evaluates for its trigger; the canonical obligation behaviours raise one obligation per duty for their trigger
TW-OBLIGATION-2,obligation,"NHI premiums (OBLIGATIONS, PAYROLL_RUN; due next_working_day(month_end(add_months(period.from, 1)), holidays))",全民健康保險法 §30(1),https://law.moj.gov.tw/LawClass/LawSingle.aspx?pcode=L0060001&flno=30,CONFIGURED,rule_set:NHI_PREMIUM_REMITTANCE,every OBLIGATIONS row is one dated duty whose due evaluates for its trigger; the canonical obligation behaviours raise one obligation per duty for their trigger
TW-OBLIGATION-3,obligation,"NHI supplementary premium remittance (OBLIGATIONS, PAYROLL_RUN; due next_working_day(month_end(add_months(period.from, 1)), holidays))","全民健康保險法 §31, §34",https://law.moj.gov.tw/LawClass/LawSingle.aspx?pcode=L0060001&flno=31,CONFIGURED,rule_set:NHI_SUPPLEMENTARY_PREMIUM_WITHHOLDING,every OBLIGATIONS row is one dated duty whose due evaluates for its trigger; the canonical obligation behaviours raise one obligation per duty for their trigger
TW-OBLIGATION-4,obligation,"Labour pension contributions (OBLIGATIONS, PAYROLL_RUN; due next_working_day(month_end(add_months(period.from, 2)), holidays))",勞工退休金條例 §19(1),https://law.moj.gov.tw/LawClass/LawSingle.aspx?pcode=N0030020&flno=19,CONFIGURED,rule_set:LABOUR_PENSION_REMITTANCE,every OBLIGATIONS row is one dated duty whose due evaluates for its trigger; the canonical obligation behaviours raise one obligation per duty for their trigger
TW-OBLIGATION-5,obligation,"Withholding tax remittance (OBLIGATIONS, PAYROLL_RUN; due next_working_day(add_days(period.to, 10), holidays))",所得稅法 §92(1),https://law.moj.gov.tw/LawClass/LawSingle.aspx?pcode=G0340003&flno=92,CONFIGURED,rule_set:WITHHOLDING_TAX_REMITTANCE,every OBLIGATIONS row is one dated duty whose due evaluates for its trigger; the canonical obligation behaviours raise one obligation per duty for their trigger
TW-OBLIGATION-6,obligation,"Wage payment and itemised statement (TASKS, payroll_run.created; due period.to)","勞動基準法 §22, §23(1)",https://law.moj.gov.tw/LawClass/LawSingle.aspx?pcode=N0030001&flno=23,CONFIGURED,rule_set:WAGE_PAYMENT_AND_PAYSLIP,every OBLIGATIONS row is one dated duty whose due evaluates for its trigger; the canonical obligation behaviours raise one obligation per duty for their trigger
TW-OBLIGATION-7,obligation,"Annual withholding statements (TASKS, payroll_run.created, 01; due next_working_day(month_end(period.from), holidays))",所得稅法 §92(1),https://law.moj.gov.tw/LawClass/LawSingle.aspx?pcode=G0340003&flno=92,CONFIGURED,rule_set:ANNUAL_WITHHOLDING_STATEMENTS,every OBLIGATIONS row is one dated duty whose due evaluates for its trigger; the canonical obligation behaviours raise one obligation per duty for their trigger
TW-OBLIGATION-8,obligation,"Withholding certificates issued to employees (TASKS, payroll_run.created, 01; due next_working_day(add_days(month_end(period.from), 10), holidays))",所得稅法 §92(1),https://law.moj.gov.tw/LawClass/LawSingle.aspx?pcode=G0340003&flno=92,CONFIGURED,rule_set:WITHHOLDING_CERTIFICATE_ISSUE,every OBLIGATIONS row is one dated duty whose due evaluates for its trigger; the canonical obligation behaviours raise one obligation per duty for their trigger
TW-OBLIGATION-9,obligation,"NHI supplementary premium deduction details (TASKS, payroll_run.created, 01; due next_working_day(month_end(period.from), holidays))",全民健康保險法 §31(1),https://law.moj.gov.tw/LawClass/LawSingle.aspx?pcode=L0060001&flno=31,CONFIGURED,rule_set:NHI_SUPPLEMENTARY_PREMIUM_STATEMENT,every OBLIGATIONS row is one dated duty whose due evaluates for its trigger; the canonical obligation behaviours raise one obligation per duty for their trigger
TW-OBLIGATION-10,obligation,"Insured salary adjustments for February to July (TASKS, payroll_run.created, 08; due next_working_day(month_end(period.from), holidays))",勞工保險條例 §14(2),https://law.moj.gov.tw/LawClass/LawSingle.aspx?pcode=N0050001&flno=14,CONFIGURED,rule_set:INSURED_SALARY_ADJUSTMENT_FEBRUARY_JULY,every OBLIGATIONS row is one dated duty whose due evaluates for its trigger; the canonical obligation behaviours raise one obligation per duty for their trigger
TW-OBLIGATION-11,obligation,"Insured salary adjustments for August to January (TASKS, payroll_run.created, 02; due next_working_day(month_end(period.from), holidays))",勞工保險條例 §14(2),https://law.moj.gov.tw/LawClass/LawSingle.aspx?pcode=N0050001&flno=14,CONFIGURED,rule_set:INSURED_SALARY_ADJUSTMENT_AUGUST_JANUARY,every OBLIGATIONS row is one dated duty whose due evaluates for its trigger; the canonical obligation behaviours raise one obligation per duty for their trigger
TW-OBLIGATION-12,obligation,"Labour-management conference (TASKS, payroll_run.created, 03/06/09/12; due month_end(period.from))",勞動基準法 §83,https://law.moj.gov.tw/LawClass/LawSingle.aspx?pcode=N0030001&flno=83,CONFIGURED,rule_set:LABOUR_MANAGEMENT_CONFERENCE,every OBLIGATIONS row is one dated duty whose due evaluates for its trigger; the canonical obligation behaviours raise one obligation per duty for their trigger
TW-OBLIGATION-13,obligation,"Year-end estimate of the LSA pension reserve (TASKS, payroll_run.created, 12; due month_end(period.from); applies_when)",勞動基準法 §56(2),https://law.moj.gov.tw/LawClass/LawSingle.aspx?pcode=N0030001&flno=56,CONFIGURED,rule_set:OLD_SYSTEM_PENSION_RESERVE_ESTIMATE,every OBLIGATIONS row is one dated duty whose due evaluates for its trigger; the canonical obligation behaviours raise one obligation per duty for their trigger (applies_when: has(company.facts.pension_reserve_rate))
TW-OBLIGATION-14,obligation,"LSA pension reserve shortfall top-up (TASKS, payroll_run.created, 03; due next_working_day(month_end(period.from), holidays); applies_when)",勞動基準法 §56(2),https://law.moj.gov.tw/LawClass/LawSingle.aspx?pcode=N0030001&flno=56,CONFIGURED,rule_set:OLD_SYSTEM_PENSION_RESERVE_SHORTFALL,every OBLIGATIONS row is one dated duty whose due evaluates for its trigger; the canonical obligation behaviours raise one obligation per duty for their trigger (applies_when: has(company.facts.pension_reserve_rate))
TW-OBLIGATION-15,obligation,"Labour and employment insurance enrolment (TASKS, employment_contract.created; due hired_on)",勞工保險條例 §11,https://law.moj.gov.tw/LawClass/LawSingle.aspx?pcode=N0050001&flno=11,CONFIGURED,rule_set:LABOUR_EMPLOYMENT_INSURANCE_ENROLMENT,every OBLIGATIONS row is one dated duty whose due evaluates for its trigger; the canonical obligation behaviours raise one obligation per duty for their trigger
TW-OBLIGATION-16,obligation,"Occupational accident insurance enrolment (TASKS, employment_contract.created; due hired_on)",勞工職業災害保險及保護法 §12(1),https://law.moj.gov.tw/LawClass/LawSingle.aspx?pcode=N0050031&flno=12,CONFIGURED,rule_set:OCCUPATIONAL_ACCIDENT_INSURANCE_ENROLMENT,every OBLIGATIONS row is one dated duty whose due evaluates for its trigger; the canonical obligation behaviours raise one obligation per duty for their trigger
TW-OBLIGATION-17,obligation,"NHI enrolment (TASKS, employment_contract.created; due next_working_day(add_days(hired_on, 3), holidays))",全民健康保險法 §15(7),https://law.moj.gov.tw/LawClass/LawSingle.aspx?pcode=L0060001&flno=15,CONFIGURED,rule_set:NHI_ENROLMENT,every OBLIGATIONS row is one dated duty whose due evaluates for its trigger; the canonical obligation behaviours raise one obligation per duty for their trigger
TW-OBLIGATION-18,obligation,"Labour pension registration (TASKS, employment_contract.created; due next_working_day(add_days(hired_on, 7), holidays))",勞工退休金條例 §18,https://law.moj.gov.tw/LawClass/LawSingle.aspx?pcode=N0030020&flno=18,CONFIGURED,rule_set:LABOUR_PENSION_REGISTRATION,every OBLIGATIONS row is one dated duty whose due evaluates for its trigger; the canonical obligation behaviours raise one obligation per duty for their trigger
TW-OBLIGATION-19,obligation,"Employment contract terms (TASKS, employment_contract.created; due hired_on)",勞動基準法施行細則 §7,https://law.moj.gov.tw/LawClass/LawSingle.aspx?pcode=N0030002&flno=7,CONFIGURED,rule_set:EMPLOYMENT_CONTRACT_TERMS,every OBLIGATIONS row is one dated duty whose due evaluates for its trigger; the canonical obligation behaviours raise one obligation per duty for their trigger
TW-OBLIGATION-20,obligation,"Labour and employment insurance withdrawal (TASKS, employment_contract.updated; due exit_on)",勞工保險條例 §11,https://law.moj.gov.tw/LawClass/LawSingle.aspx?pcode=N0050001&flno=11,CONFIGURED,rule_set:LABOUR_EMPLOYMENT_INSURANCE_WITHDRAWAL,every OBLIGATIONS row is one dated duty whose due evaluates for its trigger; the canonical obligation behaviours raise one obligation per duty for their trigger
TW-OBLIGATION-21,obligation,"Occupational accident insurance withdrawal (TASKS, employment_contract.updated; due exit_on)",勞工職業災害保險及保護法 §12(1),https://law.moj.gov.tw/LawClass/LawSingle.aspx?pcode=N0050031&flno=12,CONFIGURED,rule_set:OCCUPATIONAL_ACCIDENT_INSURANCE_WITHDRAWAL,every OBLIGATIONS row is one dated duty whose due evaluates for its trigger; the canonical obligation behaviours raise one obligation per duty for their trigger
TW-OBLIGATION-22,obligation,"NHI withdrawal (TASKS, employment_contract.updated; due next_working_day(add_days(exit_on, 3), holidays))",全民健康保險法 §15(7),https://law.moj.gov.tw/LawClass/LawSingle.aspx?pcode=L0060001&flno=15,CONFIGURED,rule_set:NHI_WITHDRAWAL,every OBLIGATIONS row is one dated duty whose due evaluates for its trigger; the canonical obligation behaviours raise one obligation per duty for their trigger
TW-OBLIGATION-23,obligation,"Labour pension stop notice (TASKS, employment_contract.updated; due next_working_day(add_days(exit_on, 7), holidays))",勞工退休金條例 §18,https://law.moj.gov.tw/LawClass/LawSingle.aspx?pcode=N0030020&flno=18,CONFIGURED,rule_set:LABOUR_PENSION_DEREGISTRATION,every OBLIGATIONS row is one dated duty whose due evaluates for its trigger; the canonical obligation behaviours raise one obligation per duty for their trigger
TW-OBLIGATION-24,obligation,"Final wage settlement (TASKS, employment_contract.updated; due exit_on)",勞動基準法施行細則 §9,https://law.moj.gov.tw/LawClass/LawSingle.aspx?pcode=N0030002&flno=9,CONFIGURED,rule_set:FINAL_WAGE_SETTLEMENT,every OBLIGATIONS row is one dated duty whose due evaluates for its trigger; the canonical obligation behaviours raise one obligation per duty for their trigger
TW-OBLIGATION-25,obligation,"Unused annual leave pay on termination (TASKS, employment_contract.updated; due exit_on)",勞動基準法 §38(4)–(5),https://law.moj.gov.tw/LawClass/LawSingle.aspx?pcode=N0030001&flno=38,CONFIGURED,rule_set:UNUSED_ANNUAL_LEAVE_SETTLEMENT,every OBLIGATIONS row is one dated duty whose due evaluates for its trigger; the canonical obligation behaviours raise one obligation per duty for their trigger
TW-OBLIGATION-26,obligation,"Untaken compensatory time paid on termination (TASKS, employment_contract.updated; due exit_on)",勞動基準法 §32-1(2),https://law.moj.gov.tw/LawClass/LawSingle.aspx?pcode=N0030001&flno=32-1,CONFIGURED,rule_set:OVERTIME_COMP_TIME_SETTLEMENT,every OBLIGATIONS row is one dated duty whose due evaluates for its trigger; the canonical obligation behaviours raise one obligation per duty for their trigger
TW-OBLIGATION-27,obligation,"Severance payment (TASKS, employment_contract.updated; due next_working_day(add_days(exit_on, 30), holidays); applies_when)",勞工退休金條例 §12(2),https://law.moj.gov.tw/LawClass/LawSingle.aspx?pcode=N0030020&flno=12,CONFIGURED,rule_set:SEVERANCE_PAYMENT,"every OBLIGATIONS row is one dated duty whose due evaluates for its trigger; the canonical obligation behaviours raise one obligation per duty for their trigger (applies_when: (has(contract.exit_facts.lsa_termination_ground) ? contract.exit_facts.lsa_termination_ground : (contract.exit_ground in [""REDUNDANCY"", ""RETRENCHMENT""] ? ""ARTIC)"
TW-OBLIGATION-28,obligation,"LSA retirement payment (TASKS, employment_contract.updated; due next_working_day(add_days(exit_on, 30), holidays); applies_when)",勞動基準法 §55(3),https://law.moj.gov.tw/LawClass/LawSingle.aspx?pcode=N0030001&flno=55,CONFIGURED,rule_set:RETIREMENT_PAYMENT,"every OBLIGATIONS row is one dated duty whose due evaluates for its trigger; the canonical obligation behaviours raise one obligation per duty for their trigger (applies_when: contract.exit_ground == ""RETIREMENT"" && has(contract.exit_facts.old_system_service_months) && contract.exit_facts.old_system_service_months > 0.0)"
TW-OBLIGATION-29,obligation,"Layoff report to the authority (TASKS, employment_contract.updated; due add_days(exit_on, -10); applies_when)",就業服務法 §33(1),https://law.moj.gov.tw/LawClass/LawSingle.aspx?pcode=N0090001&flno=33,CONFIGURED,rule_set:LAYOFF_REPORT,"every OBLIGATIONS row is one dated duty whose due evaluates for its trigger; the canonical obligation behaviours raise one obligation per duty for their trigger (applies_when: (has(contract.exit_facts.lsa_termination_ground) ? contract.exit_facts.lsa_termination_ground : (contract.exit_ground in [""REDUNDANCY"", ""RETRENCHMENT""] ? ""ARTIC)"
TW-OBLIGATION-30,obligation,"Termination notice or pay in lieu (TASKS, employment_contract.updated; due exit_on; applies_when)","勞動基準法 §16(1),",https://law.moj.gov.tw/LawClass/LawSingle.aspx?pcode=N0030001&flno=16,CONFIGURED,rule_set:TERMINATION_NOTICE,"every OBLIGATIONS row is one dated duty whose due evaluates for its trigger; the canonical obligation behaviours raise one obligation per duty for their trigger (applies_when: (has(contract.exit_facts.lsa_termination_ground) ? contract.exit_facts.lsa_termination_ground : (contract.exit_ground in [""REDUNDANCY"", ""RETRENCHMENT""] ? ""ARTIC)"
TW-OBLIGATION-31,obligation,"Foreign professional pension election and registration (TASKS, payroll_run.created, 06; due next_working_day(month_end(period.from), holidays))","外國專業人才延攬及僱用法 §24, §25 as amended 2025-08-29",https://law.moj.gov.tw/LawClass/LawSingle.aspx?pcode=A0030295&flno=24,CONFIGURED,rule_set:FOREIGN_PROFESSIONAL_PENSION_AND_EMPLOYMENT_INSURANCE,every OBLIGATIONS row is one dated duty whose due evaluates for its trigger; the canonical obligation behaviours raise one obligation per duty for their trigger
TW-OBLIGATION-32,obligation,Wage roster kept five years,勞動基準法 §23(2),https://law.moj.gov.tw/LawClass/LawSingle.aspx?pcode=N0030001&flno=23,OUT_OF_SCOPE,,"Record retention, not a dated filing, remittance or notice"
TW-OBLIGATION-33,obligation,"Attendance records to the minute, kept five years",勞動基準法 §30(5)-(6),https://law.moj.gov.tw/LawClass/LawSingle.aspx?pcode=N0030001&flno=30,OUT_OF_SCOPE,,"Record retention, not a dated filing, remittance or notice"
TW-OBLIGATION-34,obligation,Insurance and pension registers kept five years,勞工保險條例 §10; 勞工退休金條例 §21(2),https://law.moj.gov.tw/LawClass/LawSingle.aspx?pcode=N0030020&flno=21,OUT_OF_SCOPE,,"Record retention, not a dated filing, remittance or notice"
TW-OBLIGATION-35,obligation,"Work rules filed within 30 days of reaching thirty workers (TASKS, employment_contract.created when headcount == 30)",勞動基準法 §70; 施行細則 §37,https://law.moj.gov.tw/LawClass/LawSingle.aspx?pcode=N0030001&flno=70,CONFIGURED,rule_set:WORK_RULES_FILING,the canonical obligation behaviours raise one obligation per duty for their trigger
TW-OBLIGATION-36,obligation,Mass layoff plan notified sixty days before,大量解僱勞工保護法 §4,https://law.moj.gov.tw/LawClass/LawSingle.aspx?pcode=N0020012&flno=4,GAP,,"GAP: headcount now exists, but the §2 thresholds count the layoffs within sixty days (and per worksite); no root carries the employer-initiated exits of the last sixty days"
TW-OBLIGATION-37,obligation,"Union / conference consent before the 54-hour month, and its filing by an employer of thirty or more (payslip warnings)",勞動基準法 §32(1)-(3),https://law.moj.gov.tw/LawClass/LawSingle.aspx?pcode=N0030001&flno=32,CONFIGURED,rule_set:VALIDATIONS OVERTIME_MONTHLY_CAP; OVERTIME_EXTENSION_FILING,"validations: the minimum wage on contract terms, overtime ceilings and the §40 report on payslips (the consent itself precedes the overtime: entity fact overtime_consent)"
TW-OBLIGATION-38,obligation,Suspended regular day off reported within 24 hours (§40(2)); emergency overtime notice to the union (§32(4)) is not detectable,"勞動基準法 §32(4), §40",https://law.moj.gov.tw/LawClass/LawSingle.aspx?pcode=N0030001&flno=40,CONFIGURED,rule_set:VALIDATIONS EMERGENCY_REST_DAY_REPORT,"validations: the minimum wage on contract terms, overtime ceilings and the §40 report on payslips; GAP for §32(4): no root marks overtime as emergency"
TW-OBLIGATION-39,obligation,"Occupational accident needing hospital treatment, or a death, reported to labour inspection within eight hours (職安法 §37(2)); §59 compensation is priced by the adhoc OCC_* rows",職業安全衛生法 §37(2); 勞動基準法 §59,https://law.moj.gov.tw/LawClass/LawSingle.aspx?pcode=N0060001&flno=37,CONFIGURED,rule_set:OCCUPATIONAL_ACCIDENT_REPORT; rule_set:OCCUPATIONAL_FATALITY_REPORT,the canonical obligation behaviours raise one obligation per duty for their trigger (row.catalog_code OCCUPATIONAL_INJURY_LEAVE with facts.hospitalised; exit_facts.occupational_death). Three or more injured is not detectable per entry
TW-OBLIGATION-40,obligation,Insurance continuation and reinstatement during 育嬰留職停薪,性別平等工作法 §16-17,https://law.moj.gov.tw/LawClass/LawSingle.aspx?pcode=N0030014&flno=16,GAP,,"STILL UNVERIFIABLE: row.catalog_code now names PARENTAL_LEAVE, but BLI states no filing deadline for 育嬰留職停薪繼續加保 (https://www.bli.gov.tw/0022925.html, checked 2026-10-07: cover runs from the leave’s first day; filings may be batched)"
TW-OBLIGATION-41,obligation,"Employment stabilisation fee on the WDA’s quarterly bill, by 25 February / May / August / November (TASKS, payroll_run.created, 02/05/08/11; due next_working_day(add_days(period.from, 24), holidays); applies_when)",就業服務法 §55; 雇主聘僱外國人許可及管理辦法 §71,https://fw.wda.gov.tw/wda-employer/home/extra-come-to-tw/index/subCategory/2c95efb39839190201983a747b44054a?locale=zh,CONFIGURED,rule_set:EMPLOYMENT_STABILISATION_FEE,"the canonical obligation behaviours raise one obligation per duty for their trigger (raised only for a fee payer, due the 25th)"
TW-OBLIGATION-42,obligation,Certificate of service on the worker’s request,勞動基準法 §19,https://law.moj.gov.tw/LawClass/LawSingle.aspx?pcode=N0030001&flno=19,OUT_OF_SCOPE,,"Owed on request, not on a date"
TW-OBLIGATION-43,obligation,"Unused annual leave paid at the service year’s end, within thirty days (TASKS, calendar.daily on the anniversary eve)",勞動基準法 §38(4); 施行細則 §24-1(2)(2),https://law.moj.gov.tw/LawClass/LawSingle.aspx?pcode=N0030002&flno=24-1,CONFIGURED,rule_set:ANNUAL_LEAVE_YEAR_END_PAYMENT,the canonical obligation behaviours raise one obligation per duty for their trigger
TW-SETTINGS-1,settings,"Two sealed versions: 2025-12 (114年 tables) and 2026 (115年 tables), contiguous date ranges, TWD; monthly or semi-monthly settlement (BASIC and allowances per part); no 2027 version (owner)",—,,CONFIGURED,jurisdiction_settings:TW,the lineage is one contiguous chain of date ranges
TW-SETTINGS-2,settings,"Employee input schema in the shared layout (contract_terms, exit_facts, employment_statutory_facts with per-scheme elections, facts); entity facts with BLI / NHI / withholding registration numbers",—,,CONFIGURED,jurisdiction_settings:TW,both input schemas are JSON Schema 2020-12 and declare every fact the CEL reads
TW-LEAVE-14,leave,"Bereavement leave 8 / 6 / 3 days by relationship, per death",勞工請假規則 §3,https://law.moj.gov.tw/LawClass/LawSingle.aspx?pcode=N0030006&flno=3,CONFIGURED,leave_catalog:BEREAVEMENT_LEAVE,"leave caps are metered per calendar year or per event (one view per death keyed by facts.event_id, days by facts.relationship)"
TW-LEAVE-15,leave,"Family care leave 7 days a year inside the 14-day personal quota, by the hour",性別平等工作法 §20; 勞工請假規則 §7,https://law.moj.gov.tw/LawClass/LawSingle.aspx?pcode=N0030014&flno=20,GAP,leave_catalog:FAMILY_CARE_LEAVE,GAP: the class is metered in hours and consumes the day-metered PERSONAL_LEAVE pool; the pool debit has no unit conversion root
TW-LEAVE-16,leave,Hospitalised sickness leave up to one year in any two years,勞工請假規則 §4(1)(2),https://law.moj.gov.tw/LawClass/LawSingle.aspx?pcode=N0030006&flno=4,GAP,leave_catalog:HOSPITALISED_SICK_LEAVE,GAP: needs a rolling 24-month window (entitlement.window has no rolling span)
TW-LEAVE-17,leave,Maternity leave 8 / 4 / 1 weeks / 5 days by event kind,勞動基準法 §50; 性別平等工作法 §15,https://law.moj.gov.tw/LawClass/LawSingle.aspx?pcode=N0030001&flno=50,CONFIGURED,leave_catalog:MATERNITY_LEAVE,"leave caps are metered per calendar year or per event (one view per event keyed by facts.event_id, days by facts.event_kind). The weeks are calendar; the cap is in the days the entries record"
TW-TAX-9,tax,"Years of service for 退職所得: a tail under six months counts half a year, six or more a whole year",所得稅法 §14(1)(9),https://www.etax.nat.gov.tw/etwmain/tax-info/understanding/tax-q-and-a/national/individual-income-tax/taxation-scope/which-income/O9EmLJZ,GAP,statutory_contribution_catalog:SEVERANCE_TAX,STILL UNVERIFIABLE: seeded from a 高雄國稅局 page; the MOF Q&A (checked 2026-10-07) states the amounts but no rounding rule
TW-CONTRIBUTION-21,contribution,Labour insurance continued after 65 for a worker not yet paid the old-age benefit,"勞工保險條例 §6, §9-1",https://law.moj.gov.tw/LawClass/LawSingle.aspx?pcode=N0050001&flno=6,GAP,statutory_contribution_catalog:LI,STILL UNVERIFIABLE: the BLI rule on continued cover after 65 was not fetched (2026-10-07); the seed charges nothing from 65; would need an LI election
TW-WORK-12,work,Holiday work beyond eight hours and overtime on a holiday,"勞動基準法 §39, §24",https://law.moj.gov.tw/LawClass/LawSingle.aspx?pcode=N0030001&flno=39,GAP,work_catalog:HOLIDAY_WORK,GAP: HOLIDAY_WORK pays one further day per holiday worked; the hours beyond eight are not priced (the §24 rate for them was not verified)
TW-SETTINGS-3,settings,"A deadline on a Saturday, Sunday or holiday moves to the next working day",行政程序法 §48(4); 民法 §122,https://law.moj.gov.tw/LawClass/LawSingle.aspx?pcode=A0030055&flno=48,CONFIGURED,rule_set:OBLIGATIONS; rule_set:TASKS,every OBLIGATIONS row is one dated duty whose due evaluates for its trigger (next_working_day over the entity’s published holidays; same-day duties do not move)
TW-WORK-13,work,Overtime with consent at most 138 hours in three months,勞動基準法 §32(2),https://law.moj.gov.tw/LawClass/LawSingle.aspx?pcode=N0030001&flno=32,CONFIGURED,rule_set:VALIDATIONS OVERTIME_QUARTER_CAP,"validations: the minimum wage on contract terms, overtime ceilings and the §40 report on payslips (hours.rolling: this month and the two before)"
TW-WORK-14,work,Part-time minimum wage at the hourly rate (190 / 196),最低工資法 §5,https://law.moj.gov.tw/LawClass/LawSingle.aspx?pcode=N0030062&flno=5,CONFIGURED,rule_set:VALIDATIONS MINIMUM_WAGE_HOURLY; rule_set:minimum_wage,"validations: the minimum wage on contract terms, overtime ceilings and the §40 report on payslips; customer input: contract_terms[].facts.hourly_wage"
TW-LEAVE-18,leave,Menstrual leave one day a calendar month,性別平等工作法 §14,https://law.moj.gov.tw/LawClass/LawSingle.aspx?pcode=N0030014&flno=14,CONFIGURED,leave_catalog:MENSTRUAL_LEAVE,leave caps are metered per calendar year or per event (window keyed by the leave day’s month)
